


[
    {"latitude": 37.51230, "longitude": 127.0719},
    {"latitude": 37.2999, "longitude": 127.0098},
    {"latitude": 37.43729, "longitude": 126.6931},
    {"latitude": 35.22254, "longitude":128.5824},
    {"latitude": 37.51230, "longitude": 127.0719},
    {"latitude": 35.16831, "longitude": 126.8884},
    {"latitude": 35.19422, "longitude": 129.0615},
    {"latitude": 35.84104, "longitude": 128.6820},
    {"latitude": 36.31721, "longitude": 127.4286},
    {"latitude": 37.49818, "longitude": 126.8670}
]

